Generation,Ranking,BOBs,Time for Generation,Time since Initiation
1,"[(96, 18), (19, 19), (14, 21), (53, 21), (72, 22), (76, 22), (6, 23), (21, 23), (47, 24), (68, 24), (18, 25), (26, 25), (80, 25), (34, 26), (65, 26), (73, 26), (82, 26), (94, 26), (98, 26), (0, 27), (29, 27), (33, 27), (78, 27), (15, 28), (16, 28), (27, 28), (31, 28), (40, 28), (74, 28), (86, 28), (90, 28), (4, 29), (32, 29), (50, 29), (87, 29), (88, 29), (7, 30), (13, 30), (42, 30), (49, 30), (66, 30), (85, 30), (5, 31), (45, 31), (62, 31), (64, 31), (95, 31), (2, 32), (12, 32), (22, 32), (25, 32), (30, 32), (36, 32), (43, 32), (54, 32), (57, 32), (60, 32), (69, 32), (70, 32), (91, 32), (99, 32), (1, 33), (11, 33), (20, 33), (24, 33), (39, 33), (51, 33), (52, 33), (55, 33), (56, 33), (84, 33), (89, 33), (92, 33), (23, 34), (38, 34), (41, 34), (48, 34), (81, 34), (97, 34), (28, 35), (63, 35), (71, 35), (77, 35), (79, 35), (3, 36), (10, 36), (35, 36), (37, 36), (58, 36), (59, 36), (75, 36), (8, 37), (9, 37), (17, 37), (61, 37), (67, 37), (44, 38), (46, 38), (83, 38), (93, 41)]","[96, 19, 14, 53, 72, 76, 6, 21, 47, 68, 18, 26, 80, 34, 65, 73, 82, 94, 98, 0]",3.039128541946411,3.039128541946411
